part_id_1,part_id_2,part_num_1,part_num_2,connected
0,1,6112,6112,0
0,2,6112,30000,1
0,3,6112,30000,1
0,4,6112,2877,0
0,5,6112,3660,0
0,6,6112,30000,1
0,7,6112,30000,1
0,8,6112,30000,1
0,9,6112,6565,0
0,10,6112,6564,1
0,11,6112,20006,0
0,12,6112,3003,1
0,13,6112,6565,1
0,14,6112,6564,0
0,15,6112,2877,1
0,16,6112,3020,1
0,17,6112,2412b,0
0,18,6112,3023,0
0,19,6112,3023,0
0,20,6112,3039,0
0,21,6112,3039,0
0,22,6112,3003,0
0,23,6112,4070,0
0,24,6112,4070,0
0,25,6112,3794b,0
0,26,6112,43723,0
0,27,6112,43722,0
0,28,6112,3710,0
0,29,6112,32000,0
0,30,6112,32000,0
0,31,6112,4274,0
0,32,6112,4274,0
0,33,6112,4274,0
0,34,6112,4274,0
0,35,6112,32001,0
0,36,6112,43711,0
0,37,6112,43710,0
0,38,6112,20006,0
0,39,6112,20006,0
0,40,6112,3062b,0
0,41,6112,3062b,0
0,42,6112,4697a,0
0,43,6112,4697a,0
0,44,6112,4032a,0
0,45,6112,4599a,0
0,46,6112,4592,0
0,47,6112,4593,0
0,48,6112,3957a,0
0,49,6112,3062b,0
0,50,6112,55981,0
0,51,6112,55981,0
0,52,6112,55981,0
0,53,6112,55981,0
0,54,6112,55981,0
0,55,6112,55981,0
0,56,6112,55981,0
0,57,6112,55981,0
0,58,6112,55981,0
0,59,6112,55981,0
0,60,6112,6232,1
0,61,6112,3701,0
0,62,6112,3037,0
0,63,6112,3069b,0
0,64,6112,30162,0
0,65,6112,3037,0
0,66,6112,3069b,0
0,67,6112,30162,0
1,2,6112,30000,1
1,3,6112,30000,1
1,4,6112,2877,0
1,5,6112,3660,0
1,6,6112,30000,1
1,7,6112,30000,1
1,8,6112,30000,1
1,9,6112,6565,1
1,10,6112,6564,0
1,11,6112,20006,0
1,12,6112,3003,1
1,13,6112,6565,0
1,14,6112,6564,1
1,15,6112,2877,1
1,16,6112,3020,1
1,17,6112,2412b,0
1,18,6112,3023,0
1,19,6112,3023,0
1,20,6112,3039,0
1,21,6112,3039,0
1,22,6112,3003,0
1,23,6112,4070,0
1,24,6112,4070,0
1,25,6112,3794b,0
1,26,6112,43723,0
1,27,6112,43722,0
1,28,6112,3710,0
1,29,6112,32000,0
1,30,6112,32000,0
1,31,6112,4274,0
1,32,6112,4274,0
1,33,6112,4274,0
1,34,6112,4274,0
1,35,6112,32001,0
1,36,6112,43711,0
1,37,6112,43710,0
1,38,6112,20006,0
1,39,6112,20006,0
1,40,6112,3062b,0
1,41,6112,3062b,0
1,42,6112,4697a,0
1,43,6112,4697a,0
1,44,6112,4032a,0
1,45,6112,4599a,0
1,46,6112,4592,0
1,47,6112,4593,0
1,48,6112,3957a,0
1,49,6112,3062b,0
1,50,6112,55981,0
1,51,6112,55981,0
1,52,6112,55981,0
1,53,6112,55981,0
1,54,6112,55981,0
1,55,6112,55981,0
1,56,6112,55981,0
1,57,6112,55981,0
1,58,6112,55981,0
1,59,6112,55981,0
1,60,6112,6232,1
1,61,6112,3701,0
1,62,6112,3037,0
1,63,6112,3069b,0
1,64,6112,30162,0
1,65,6112,3037,0
1,66,6112,3069b,0
1,67,6112,30162,0
2,3,30000,30000,0
2,4,30000,2877,0
2,5,30000,3660,1
2,6,30000,30000,0
2,7,30000,30000,0
2,8,30000,30000,0
2,9,30000,6565,0
2,10,30000,6564,0
2,11,30000,20006,0
2,12,30000,3003,0
2,13,30000,6565,0
2,14,30000,6564,0
2,15,30000,2877,0
2,16,30000,3020,0
2,17,30000,2412b,0
2,18,30000,3023,0
2,19,30000,3023,0
2,20,30000,3039,0
2,21,30000,3039,0
2,22,30000,3003,0
2,23,30000,4070,0
2,24,30000,4070,0
2,25,30000,3794b,0
2,26,30000,43723,0
2,27,30000,43722,0
2,28,30000,3710,0
2,29,30000,32000,0
2,30,30000,32000,0
2,31,30000,4274,0
2,32,30000,4274,0
2,33,30000,4274,0
2,34,30000,4274,0
2,35,30000,32001,0
2,36,30000,43711,0
2,37,30000,43710,0
2,38,30000,20006,0
2,39,30000,20006,0
2,40,30000,3062b,0
2,41,30000,3062b,0
2,42,30000,4697a,0
2,43,30000,4697a,0
2,44,30000,4032a,0
2,45,30000,4599a,0
2,46,30000,4592,0
2,47,30000,4593,0
2,48,30000,3957a,0
2,49,30000,3062b,0
2,50,30000,55981,1
2,51,30000,55981,0
2,52,30000,55981,0
2,53,30000,55981,0
2,54,30000,55981,0
2,55,30000,55981,0
2,56,30000,55981,0
2,57,30000,55981,0
2,58,30000,55981,0
2,59,30000,55981,1
2,60,30000,6232,0
2,61,30000,3701,0
2,62,30000,3037,0
2,63,30000,3069b,0
2,64,30000,30162,0
2,65,30000,3037,0
2,66,30000,3069b,0
2,67,30000,30162,0
3,4,30000,2877,1
3,5,30000,3660,0
3,6,30000,30000,0
3,7,30000,30000,0
3,8,30000,30000,0
3,9,30000,6565,0
3,10,30000,6564,0
3,11,30000,20006,0
3,12,30000,3003,0
3,13,30000,6565,0
3,14,30000,6564,0
3,15,30000,2877,0
3,16,30000,3020,0
3,17,30000,2412b,0
3,18,30000,3023,0
3,19,30000,3023,0
3,20,30000,3039,0
3,21,30000,3039,0
3,22,30000,3003,0
3,23,30000,4070,0
3,24,30000,4070,0
3,25,30000,3794b,0
3,26,30000,43723,0
3,27,30000,43722,0
3,28,30000,3710,0
3,29,30000,32000,0
3,30,30000,32000,0
3,31,30000,4274,0
3,32,30000,4274,0
3,33,30000,4274,0
3,34,30000,4274,0
3,35,30000,32001,0
3,36,30000,43711,0
3,37,30000,43710,0
3,38,30000,20006,0
3,39,30000,20006,0
3,40,30000,3062b,0
3,41,30000,3062b,0
3,42,30000,4697a,0
3,43,30000,4697a,0
3,44,30000,4032a,0
3,45,30000,4599a,0
3,46,30000,4592,0
3,47,30000,4593,0
3,48,30000,3957a,0
3,49,30000,3062b,0
3,50,30000,55981,0
3,51,30000,55981,0
3,52,30000,55981,0
3,53,30000,55981,0
3,54,30000,55981,1
3,55,30000,55981,1
3,56,30000,55981,0
3,57,30000,55981,0
3,58,30000,55981,0
3,59,30000,55981,0
3,60,30000,6232,0
3,61,30000,3701,0
3,62,30000,3037,0
3,63,30000,3069b,0
3,64,30000,30162,0
3,65,30000,3037,0
3,66,30000,3069b,0
3,67,30000,30162,0
4,5,2877,3660,0
4,6,2877,30000,0
4,7,2877,30000,0
4,8,2877,30000,0
4,9,2877,6565,0
4,10,2877,6564,0
4,11,2877,20006,0
4,12,2877,3003,0
4,13,2877,6565,0
4,14,2877,6564,0
4,15,2877,2877,0
4,16,2877,3020,1
4,17,2877,2412b,0
4,18,2877,3023,0
4,19,2877,3023,0
4,20,2877,3039,0
4,21,2877,3039,0
4,22,2877,3003,0
4,23,2877,4070,0
4,24,2877,4070,0
4,25,2877,3794b,0
4,26,2877,43723,0
4,27,2877,43722,0
4,28,2877,3710,0
4,29,2877,32000,0
4,30,2877,32000,0
4,31,2877,4274,0
4,32,2877,4274,0
4,33,2877,4274,0
4,34,2877,4274,0
4,35,2877,32001,0
4,36,2877,43711,0
4,37,2877,43710,0
4,38,2877,20006,0
4,39,2877,20006,0
4,40,2877,3062b,0
4,41,2877,3062b,0
4,42,2877,4697a,0
4,43,2877,4697a,0
4,44,2877,4032a,0
4,45,2877,4599a,0
4,46,2877,4592,0
4,47,2877,4593,0
4,48,2877,3957a,0
4,49,2877,3062b,0
4,50,2877,55981,0
4,51,2877,55981,0
4,52,2877,55981,0
4,53,2877,55981,0
4,54,2877,55981,0
4,55,2877,55981,0
4,56,2877,55981,0
4,57,2877,55981,0
4,58,2877,55981,0
4,59,2877,55981,0
4,60,2877,6232,0
4,61,2877,3701,0
4,62,2877,3037,0
4,63,2877,3069b,0
4,64,2877,30162,0
4,65,2877,3037,0
4,66,2877,3069b,0
4,67,2877,30162,0
5,6,3660,30000,0
5,7,3660,30000,0
5,8,3660,30000,0
5,9,3660,6565,0
5,10,3660,6564,0
5,11,3660,20006,0
5,12,3660,3003,0
5,13,3660,6565,0
5,14,3660,6564,0
5,15,3660,2877,0
5,16,3660,3020,0
5,17,3660,2412b,0
5,18,3660,3023,0
5,19,3660,3023,0
5,20,3660,3039,0
5,21,3660,3039,0
5,22,3660,3003,0
5,23,3660,4070,0
5,24,3660,4070,0
5,25,3660,3794b,0
5,26,3660,43723,0
5,27,3660,43722,0
5,28,3660,3710,0
5,29,3660,32000,0
5,30,3660,32000,0
5,31,3660,4274,0
5,32,3660,4274,0
5,33,3660,4274,0
5,34,3660,4274,0
5,35,3660,32001,0
5,36,3660,43711,0
5,37,3660,43710,0
5,38,3660,20006,0
5,39,3660,20006,0
5,40,3660,3062b,0
5,41,3660,3062b,0
5,42,3660,4697a,0
5,43,3660,4697a,0
5,44,3660,4032a,0
5,45,3660,4599a,0
5,46,3660,4592,0
5,47,3660,4593,0
5,48,3660,3957a,0
5,49,3660,3062b,0
5,50,3660,55981,0
5,51,3660,55981,0
5,52,3660,55981,0
5,53,3660,55981,0
5,54,3660,55981,0
5,55,3660,55981,0
5,56,3660,55981,0
5,57,3660,55981,0
5,58,3660,55981,0
5,59,3660,55981,0
5,60,3660,6232,0
5,61,3660,3701,0
5,62,3660,3037,0
5,63,3660,3069b,0
5,64,3660,30162,0
5,65,3660,3037,0
5,66,3660,3069b,0
5,67,3660,30162,0
6,7,30000,30000,0
6,8,30000,30000,0
6,9,30000,6565,0
6,10,30000,6564,0
6,11,30000,20006,0
6,12,30000,3003,0
6,13,30000,6565,0
6,14,30000,6564,0
6,15,30000,2877,0
6,16,30000,3020,0
6,17,30000,2412b,0
6,18,30000,3023,0
6,19,30000,3023,0
6,20,30000,3039,0
6,21,30000,3039,0
6,22,30000,3003,0
6,23,30000,4070,0
6,24,30000,4070,0
6,25,30000,3794b,0
6,26,30000,43723,0
6,27,30000,43722,0
6,28,30000,3710,0
6,29,30000,32000,0
6,30,30000,32000,0
6,31,30000,4274,0
6,32,30000,4274,0
6,33,30000,4274,0
6,34,30000,4274,0
6,35,30000,32001,0
6,36,30000,43711,0
6,37,30000,43710,0
6,38,30000,20006,0
6,39,30000,20006,0
6,40,30000,3062b,0
6,41,30000,3062b,0
6,42,30000,4697a,0
6,43,30000,4697a,0
6,44,30000,4032a,0
6,45,30000,4599a,0
6,46,30000,4592,0
6,47,30000,4593,0
6,48,30000,3957a,0
6,49,30000,3062b,0
6,50,30000,55981,0
6,51,30000,55981,0
6,52,30000,55981,0
6,53,30000,55981,1
6,54,30000,55981,0
6,55,30000,55981,0
6,56,30000,55981,1
6,57,30000,55981,0
6,58,30000,55981,0
6,59,30000,55981,0
6,60,30000,6232,0
6,61,30000,3701,0
6,62,30000,3037,0
6,63,30000,3069b,0
6,64,30000,30162,0
6,65,30000,3037,0
6,66,30000,3069b,0
6,67,30000,30162,0
7,8,30000,30000,0
7,9,30000,6565,0
7,10,30000,6564,0
7,11,30000,20006,0
7,12,30000,3003,0
7,13,30000,6565,0
7,14,30000,6564,0
7,15,30000,2877,0
7,16,30000,3020,0
7,17,30000,2412b,0
7,18,30000,3023,0
7,19,30000,3023,0
7,20,30000,3039,0
7,21,30000,3039,0
7,22,30000,3003,0
7,23,30000,4070,0
7,24,30000,4070,0
7,25,30000,3794b,0
7,26,30000,43723,0
7,27,30000,43722,0
7,28,30000,3710,0
7,29,30000,32000,0
7,30,30000,32000,0
7,31,30000,4274,0
7,32,30000,4274,0
7,33,30000,4274,0
7,34,30000,4274,0
7,35,30000,32001,0
7,36,30000,43711,0
7,37,30000,43710,0
7,38,30000,20006,0
7,39,30000,20006,0
7,40,30000,3062b,0
7,41,30000,3062b,0
7,42,30000,4697a,0
7,43,30000,4697a,0
7,44,30000,4032a,0
7,45,30000,4599a,0
7,46,30000,4592,0
7,47,30000,4593,0
7,48,30000,3957a,0
7,49,30000,3062b,0
7,50,30000,55981,0
7,51,30000,55981,0
7,52,30000,55981,1
7,53,30000,55981,0
7,54,30000,55981,0
7,55,30000,55981,0
7,56,30000,55981,0
7,57,30000,55981,1
7,58,30000,55981,0
7,59,30000,55981,0
7,60,30000,6232,0
7,61,30000,3701,0
7,62,30000,3037,0
7,63,30000,3069b,0
7,64,30000,30162,0
7,65,30000,3037,0
7,66,30000,3069b,0
7,67,30000,30162,0
8,9,30000,6565,0
8,10,30000,6564,0
8,11,30000,20006,0
8,12,30000,3003,0
8,13,30000,6565,0
8,14,30000,6564,0
8,15,30000,2877,0
8,16,30000,3020,0
8,17,30000,2412b,0
8,18,30000,3023,0
8,19,30000,3023,0
8,20,30000,3039,0
8,21,30000,3039,0
8,22,30000,3003,0
8,23,30000,4070,0
8,24,30000,4070,0
8,25,30000,3794b,0
8,26,30000,43723,0
8,27,30000,43722,0
8,28,30000,3710,0
8,29,30000,32000,0
8,30,30000,32000,0
8,31,30000,4274,0
8,32,30000,4274,0
8,33,30000,4274,0
8,34,30000,4274,0
8,35,30000,32001,0
8,36,30000,43711,0
8,37,30000,43710,0
8,38,30000,20006,0
8,39,30000,20006,0
8,40,30000,3062b,0
8,41,30000,3062b,0
8,42,30000,4697a,0
8,43,30000,4697a,0
8,44,30000,4032a,0
8,45,30000,4599a,0
8,46,30000,4592,0
8,47,30000,4593,0
8,48,30000,3957a,0
8,49,30000,3062b,0
8,50,30000,55981,0
8,51,30000,55981,1
8,52,30000,55981,0
8,53,30000,55981,0
8,54,30000,55981,0
8,55,30000,55981,0
8,56,30000,55981,0
8,57,30000,55981,0
8,58,30000,55981,1
8,59,30000,55981,0
8,60,30000,6232,0
8,61,30000,3701,0
8,62,30000,3037,0
8,63,30000,3069b,0
8,64,30000,30162,0
8,65,30000,3037,0
8,66,30000,3069b,0
8,67,30000,30162,0
9,10,6565,6564,0
9,11,6565,20006,0
9,12,6565,3003,0
9,13,6565,6565,0
9,14,6565,6564,0
9,15,6565,2877,0
9,16,6565,3020,0
9,17,6565,2412b,0
9,18,6565,3023,0
9,19,6565,3023,0
9,20,6565,3039,0
9,21,6565,3039,0
9,22,6565,3003,0
9,23,6565,4070,0
9,24,6565,4070,0
9,25,6565,3794b,0
9,26,6565,43723,1
9,27,6565,43722,0
9,28,6565,3710,0
9,29,6565,32000,0
9,30,6565,32000,0
9,31,6565,4274,0
9,32,6565,4274,0
9,33,6565,4274,0
9,34,6565,4274,0
9,35,6565,32001,0
9,36,6565,43711,0
9,37,6565,43710,0
9,38,6565,20006,0
9,39,6565,20006,0
9,40,6565,3062b,0
9,41,6565,3062b,0
9,42,6565,4697a,0
9,43,6565,4697a,0
9,44,6565,4032a,0
9,45,6565,4599a,0
9,46,6565,4592,0
9,47,6565,4593,0
9,48,6565,3957a,0
9,49,6565,3062b,0
9,50,6565,55981,0
9,51,6565,55981,0
9,52,6565,55981,0
9,53,6565,55981,0
9,54,6565,55981,0
9,55,6565,55981,0
9,56,6565,55981,0
9,57,6565,55981,0
9,58,6565,55981,0
9,59,6565,55981,0
9,60,6565,6232,0
9,61,6565,3701,0
9,62,6565,3037,0
9,63,6565,3069b,0
9,64,6565,30162,0
9,65,6565,3037,0
9,66,6565,3069b,0
9,67,6565,30162,0
10,11,6564,20006,0
10,12,6564,3003,0
10,13,6564,6565,0
10,14,6564,6564,0
10,15,6564,2877,0
10,16,6564,3020,0
10,17,6564,2412b,0
10,18,6564,3023,0
10,19,6564,3023,0
10,20,6564,3039,0
10,21,6564,3039,0
10,22,6564,3003,0
10,23,6564,4070,0
10,24,6564,4070,0
10,25,6564,3794b,0
10,26,6564,43723,0
10,27,6564,43722,1
10,28,6564,3710,0
10,29,6564,32000,0
10,30,6564,32000,0
10,31,6564,4274,0
10,32,6564,4274,0
10,33,6564,4274,0
10,34,6564,4274,0
10,35,6564,32001,0
10,36,6564,43711,0
10,37,6564,43710,0
10,38,6564,20006,0
10,39,6564,20006,0
10,40,6564,3062b,0
10,41,6564,3062b,0
10,42,6564,4697a,0
10,43,6564,4697a,0
10,44,6564,4032a,0
10,45,6564,4599a,0
10,46,6564,4592,0
10,47,6564,4593,0
10,48,6564,3957a,0
10,49,6564,3062b,0
10,50,6564,55981,0
10,51,6564,55981,0
10,52,6564,55981,0
10,53,6564,55981,0
10,54,6564,55981,0
10,55,6564,55981,0
10,56,6564,55981,0
10,57,6564,55981,0
10,58,6564,55981,0
10,59,6564,55981,0
10,60,6564,6232,0
10,61,6564,3701,0
10,62,6564,3037,0
10,63,6564,3069b,0
10,64,6564,30162,0
10,65,6564,3037,0
10,66,6564,3069b,0
10,67,6564,30162,0
11,12,20006,3003,0
11,13,20006,6565,0
11,14,20006,6564,0
11,15,20006,2877,0
11,16,20006,3020,0
11,17,20006,2412b,0
11,18,20006,3023,0
11,19,20006,3023,0
11,20,20006,3039,0
11,21,20006,3039,0
11,22,20006,3003,0
11,23,20006,4070,0
11,24,20006,4070,0
11,25,20006,3794b,0
11,26,20006,43723,0
11,27,20006,43722,0
11,28,20006,3710,0
11,29,20006,32000,0
11,30,20006,32000,0
11,31,20006,4274,0
11,32,20006,4274,0
11,33,20006,4274,0
11,34,20006,4274,0
11,35,20006,32001,0
11,36,20006,43711,0
11,37,20006,43710,0
11,38,20006,20006,0
11,39,20006,20006,0
11,40,20006,3062b,0
11,41,20006,3062b,0
11,42,20006,4697a,0
11,43,20006,4697a,0
11,44,20006,4032a,0
11,45,20006,4599a,0
11,46,20006,4592,0
11,47,20006,4593,0
11,48,20006,3957a,0
11,49,20006,3062b,0
11,50,20006,55981,0
11,51,20006,55981,0
11,52,20006,55981,0
11,53,20006,55981,0
11,54,20006,55981,0
11,55,20006,55981,0
11,56,20006,55981,0
11,57,20006,55981,0
11,58,20006,55981,0
11,59,20006,55981,0
11,60,20006,6232,0
11,61,20006,3701,0
11,62,20006,3037,0
11,63,20006,3069b,0
11,64,20006,30162,0
11,65,20006,3037,0
11,66,20006,3069b,0
11,67,20006,30162,0
12,13,3003,6565,0
12,14,3003,6564,0
12,15,3003,2877,0
12,16,3003,3020,0
12,17,3003,2412b,0
12,18,3003,3023,0
12,19,3003,3023,0
12,20,3003,3039,0
12,21,3003,3039,0
12,22,3003,3003,0
12,23,3003,4070,0
12,24,3003,4070,0
12,25,3003,3794b,0
12,26,3003,43723,0
12,27,3003,43722,0
12,28,3003,3710,0
12,29,3003,32000,1
12,30,3003,32000,1
12,31,3003,4274,0
12,32,3003,4274,0
12,33,3003,4274,0
12,34,3003,4274,0
12,35,3003,32001,0
12,36,3003,43711,0
12,37,3003,43710,0
12,38,3003,20006,0
12,39,3003,20006,0
12,40,3003,3062b,0
12,41,3003,3062b,0
12,42,3003,4697a,0
12,43,3003,4697a,0
12,44,3003,4032a,0
12,45,3003,4599a,0
12,46,3003,4592,0
12,47,3003,4593,0
12,48,3003,3957a,0
12,49,3003,3062b,0
12,50,3003,55981,0
12,51,3003,55981,0
12,52,3003,55981,0
12,53,3003,55981,0
12,54,3003,55981,0
12,55,3003,55981,0
12,56,3003,55981,0
12,57,3003,55981,0
12,58,3003,55981,0
12,59,3003,55981,0
12,60,3003,6232,0
12,61,3003,3701,0
12,62,3003,3037,0
12,63,3003,3069b,0
12,64,3003,30162,0
12,65,3003,3037,0
12,66,3003,3069b,0
12,67,3003,30162,0
13,14,6565,6564,0
13,15,6565,2877,0
13,16,6565,3020,0
13,17,6565,2412b,0
13,18,6565,3023,0
13,19,6565,3023,0
13,20,6565,3039,1
13,21,6565,3039,0
13,22,6565,3003,0
13,23,6565,4070,0
13,24,6565,4070,1
13,25,6565,3794b,0
13,26,6565,43723,0
13,27,6565,43722,0
13,28,6565,3710,0
13,29,6565,32000,0
13,30,6565,32000,0
13,31,6565,4274,0
13,32,6565,4274,0
13,33,6565,4274,0
13,34,6565,4274,0
13,35,6565,32001,0
13,36,6565,43711,0
13,37,6565,43710,0
13,38,6565,20006,0
13,39,6565,20006,0
13,40,6565,3062b,0
13,41,6565,3062b,0
13,42,6565,4697a,0
13,43,6565,4697a,0
13,44,6565,4032a,0
13,45,6565,4599a,0
13,46,6565,4592,0
13,47,6565,4593,0
13,48,6565,3957a,0
13,49,6565,3062b,0
13,50,6565,55981,0
13,51,6565,55981,0
13,52,6565,55981,0
13,53,6565,55981,0
13,54,6565,55981,0
13,55,6565,55981,0
13,56,6565,55981,0
13,57,6565,55981,0
13,58,6565,55981,0
13,59,6565,55981,0
13,60,6565,6232,0
13,61,6565,3701,0
13,62,6565,3037,0
13,63,6565,3069b,0
13,64,6565,30162,0
13,65,6565,3037,0
13,66,6565,3069b,0
13,67,6565,30162,0
14,15,6564,2877,0
14,16,6564,3020,0
14,17,6564,2412b,0
14,18,6564,3023,0
14,19,6564,3023,0
14,20,6564,3039,1
14,21,6564,3039,0
14,22,6564,3003,0
14,23,6564,4070,1
14,24,6564,4070,0
14,25,6564,3794b,0
14,26,6564,43723,0
14,27,6564,43722,0
14,28,6564,3710,0
14,29,6564,32000,0
14,30,6564,32000,0
14,31,6564,4274,0
14,32,6564,4274,0
14,33,6564,4274,0
14,34,6564,4274,0
14,35,6564,32001,0
14,36,6564,43711,0
14,37,6564,43710,0
14,38,6564,20006,0
14,39,6564,20006,0
14,40,6564,3062b,0
14,41,6564,3062b,0
14,42,6564,4697a,0
14,43,6564,4697a,0
14,44,6564,4032a,0
14,45,6564,4599a,0
14,46,6564,4592,0
14,47,6564,4593,0
14,48,6564,3957a,0
14,49,6564,3062b,0
14,50,6564,55981,0
14,51,6564,55981,0
14,52,6564,55981,0
14,53,6564,55981,0
14,54,6564,55981,0
14,55,6564,55981,0
14,56,6564,55981,0
14,57,6564,55981,0
14,58,6564,55981,0
14,59,6564,55981,0
14,60,6564,6232,0
14,61,6564,3701,0
14,62,6564,3037,0
14,63,6564,3069b,0
14,64,6564,30162,0
14,65,6564,3037,0
14,66,6564,3069b,0
14,67,6564,30162,0
15,16,2877,3020,0
15,17,2877,2412b,1
15,18,2877,3023,0
15,19,2877,3023,0
15,20,2877,3039,0
15,21,2877,3039,0
15,22,2877,3003,0
15,23,2877,4070,0
15,24,2877,4070,0
15,25,2877,3794b,0
15,26,2877,43723,0
15,27,2877,43722,0
15,28,2877,3710,0
15,29,2877,32000,0
15,30,2877,32000,0
15,31,2877,4274,0
15,32,2877,4274,0
15,33,2877,4274,0
15,34,2877,4274,0
15,35,2877,32001,0
15,36,2877,43711,0
15,37,2877,43710,0
15,38,2877,20006,0
15,39,2877,20006,0
15,40,2877,3062b,0
15,41,2877,3062b,0
15,42,2877,4697a,0
15,43,2877,4697a,0
15,44,2877,4032a,0
15,45,2877,4599a,0
15,46,2877,4592,0
15,47,2877,4593,0
15,48,2877,3957a,0
15,49,2877,3062b,0
15,50,2877,55981,0
15,51,2877,55981,0
15,52,2877,55981,0
15,53,2877,55981,0
15,54,2877,55981,0
15,55,2877,55981,0
15,56,2877,55981,0
15,57,2877,55981,0
15,58,2877,55981,0
15,59,2877,55981,0
15,60,2877,6232,0
15,61,2877,3701,0
15,62,2877,3037,0
15,63,2877,3069b,0
15,64,2877,30162,0
15,65,2877,3037,0
15,66,2877,3069b,0
15,67,2877,30162,0
16,17,3020,2412b,0
16,18,3020,3023,1
16,19,3020,3023,1
16,20,3020,3039,0
16,21,3020,3039,0
16,22,3020,3003,1
16,23,3020,4070,0
16,24,3020,4070,0
16,25,3020,3794b,0
16,26,3020,43723,0
16,27,3020,43722,0
16,28,3020,3710,0
16,29,3020,32000,0
16,30,3020,32000,0
16,31,3020,4274,0
16,32,3020,4274,0
16,33,3020,4274,0
16,34,3020,4274,0
16,35,3020,32001,0
16,36,3020,43711,0
16,37,3020,43710,0
16,38,3020,20006,0
16,39,3020,20006,0
16,40,3020,3062b,0
16,41,3020,3062b,0
16,42,3020,4697a,0
16,43,3020,4697a,0
16,44,3020,4032a,0
16,45,3020,4599a,0
16,46,3020,4592,0
16,47,3020,4593,0
16,48,3020,3957a,0
16,49,3020,3062b,0
16,50,3020,55981,0
16,51,3020,55981,0
16,52,3020,55981,0
16,53,3020,55981,0
16,54,3020,55981,0
16,55,3020,55981,0
16,56,3020,55981,0
16,57,3020,55981,0
16,58,3020,55981,0
16,59,3020,55981,0
16,60,3020,6232,0
16,61,3020,3701,0
16,62,3020,3037,0
16,63,3020,3069b,0
16,64,3020,30162,0
16,65,3020,3037,0
16,66,3020,3069b,0
16,67,3020,30162,0
17,18,2412b,3023,0
17,19,2412b,3023,0
17,20,2412b,3039,0
17,21,2412b,3039,0
17,22,2412b,3003,0
17,23,2412b,4070,0
17,24,2412b,4070,0
17,25,2412b,3794b,0
17,26,2412b,43723,0
17,27,2412b,43722,0
17,28,2412b,3710,0
17,29,2412b,32000,0
17,30,2412b,32000,0
17,31,2412b,4274,0
17,32,2412b,4274,0
17,33,2412b,4274,0
17,34,2412b,4274,0
17,35,2412b,32001,0
17,36,2412b,43711,0
17,37,2412b,43710,0
17,38,2412b,20006,0
17,39,2412b,20006,0
17,40,2412b,3062b,0
17,41,2412b,3062b,0
17,42,2412b,4697a,0
17,43,2412b,4697a,0
17,44,2412b,4032a,0
17,45,2412b,4599a,0
17,46,2412b,4592,0
17,47,2412b,4593,0
17,48,2412b,3957a,0
17,49,2412b,3062b,0
17,50,2412b,55981,0
17,51,2412b,55981,0
17,52,2412b,55981,0
17,53,2412b,55981,0
17,54,2412b,55981,0
17,55,2412b,55981,0
17,56,2412b,55981,0
17,57,2412b,55981,0
17,58,2412b,55981,0
17,59,2412b,55981,0
17,60,2412b,6232,0
17,61,2412b,3701,0
17,62,2412b,3037,0
17,63,2412b,3069b,0
17,64,2412b,30162,0
17,65,2412b,3037,0
17,66,2412b,3069b,0
17,67,2412b,30162,0
18,19,3023,3023,0
18,20,3023,3039,0
18,21,3023,3039,1
18,22,3023,3003,0
18,23,3023,4070,0
18,24,3023,4070,0
18,25,3023,3794b,0
18,26,3023,43723,0
18,27,3023,43722,0
18,28,3023,3710,0
18,29,3023,32000,0
18,30,3023,32000,0
18,31,3023,4274,0
18,32,3023,4274,0
18,33,3023,4274,0
18,34,3023,4274,0
18,35,3023,32001,0
18,36,3023,43711,0
18,37,3023,43710,0
18,38,3023,20006,0
18,39,3023,20006,0
18,40,3023,3062b,0
18,41,3023,3062b,0
18,42,3023,4697a,0
18,43,3023,4697a,0
18,44,3023,4032a,0
18,45,3023,4599a,0
18,46,3023,4592,0
18,47,3023,4593,0
18,48,3023,3957a,0
18,49,3023,3062b,0
18,50,3023,55981,0
18,51,3023,55981,0
18,52,3023,55981,0
18,53,3023,55981,0
18,54,3023,55981,0
18,55,3023,55981,0
18,56,3023,55981,0
18,57,3023,55981,0
18,58,3023,55981,0
18,59,3023,55981,0
18,60,3023,6232,0
18,61,3023,3701,0
18,62,3023,3037,0
18,63,3023,3069b,0
18,64,3023,30162,0
18,65,3023,3037,0
18,66,3023,3069b,0
18,67,3023,30162,0
19,20,3023,3039,0
19,21,3023,3039,1
19,22,3023,3003,0
19,23,3023,4070,0
19,24,3023,4070,0
19,25,3023,3794b,0
19,26,3023,43723,0
19,27,3023,43722,0
19,28,3023,3710,0
19,29,3023,32000,0
19,30,3023,32000,0
19,31,3023,4274,0
19,32,3023,4274,0
19,33,3023,4274,0
19,34,3023,4274,0
19,35,3023,32001,0
19,36,3023,43711,0
19,37,3023,43710,0
19,38,3023,20006,0
19,39,3023,20006,0
19,40,3023,3062b,0
19,41,3023,3062b,0
19,42,3023,4697a,0
19,43,3023,4697a,0
19,44,3023,4032a,0
19,45,3023,4599a,0
19,46,3023,4592,0
19,47,3023,4593,0
19,48,3023,3957a,0
19,49,3023,3062b,0
19,50,3023,55981,0
19,51,3023,55981,0
19,52,3023,55981,0
19,53,3023,55981,0
19,54,3023,55981,0
19,55,3023,55981,0
19,56,3023,55981,0
19,57,3023,55981,0
19,58,3023,55981,0
19,59,3023,55981,0
19,60,3023,6232,0
19,61,3023,3701,0
19,62,3023,3037,0
19,63,3023,3069b,0
19,64,3023,30162,0
19,65,3023,3037,0
19,66,3023,3069b,0
19,67,3023,30162,0
20,21,3039,3039,0
20,22,3039,3003,0
20,23,3039,4070,0
20,24,3039,4070,0
20,25,3039,3794b,0
20,26,3039,43723,0
20,27,3039,43722,0
20,28,3039,3710,0
20,29,3039,32000,0
20,30,3039,32000,0
20,31,3039,4274,0
20,32,3039,4274,0
20,33,3039,4274,0
20,34,3039,4274,0
20,35,3039,32001,1
20,36,3039,43711,0
20,37,3039,43710,0
20,38,3039,20006,0
20,39,3039,20006,0
20,40,3039,3062b,0
20,41,3039,3062b,0
20,42,3039,4697a,0
20,43,3039,4697a,0
20,44,3039,4032a,0
20,45,3039,4599a,0
20,46,3039,4592,0
20,47,3039,4593,0
20,48,3039,3957a,0
20,49,3039,3062b,0
20,50,3039,55981,0
20,51,3039,55981,0
20,52,3039,55981,0
20,53,3039,55981,0
20,54,3039,55981,0
20,55,3039,55981,0
20,56,3039,55981,0
20,57,3039,55981,0
20,58,3039,55981,0
20,59,3039,55981,0
20,60,3039,6232,0
20,61,3039,3701,0
20,62,3039,3037,0
20,63,3039,3069b,0
20,64,3039,30162,0
20,65,3039,3037,0
20,66,3039,3069b,0
20,67,3039,30162,0
21,22,3039,3003,0
21,23,3039,4070,0
21,24,3039,4070,0
21,25,3039,3794b,0
21,26,3039,43723,0
21,27,3039,43722,0
21,28,3039,3710,0
21,29,3039,32000,0
21,30,3039,32000,0
21,31,3039,4274,0
21,32,3039,4274,0
21,33,3039,4274,0
21,34,3039,4274,0
21,35,3039,32001,0
21,36,3039,43711,0
21,37,3039,43710,0
21,38,3039,20006,0
21,39,3039,20006,0
21,40,3039,3062b,0
21,41,3039,3062b,0
21,42,3039,4697a,0
21,43,3039,4697a,0
21,44,3039,4032a,0
21,45,3039,4599a,0
21,46,3039,4592,0
21,47,3039,4593,0
21,48,3039,3957a,0
21,49,3039,3062b,0
21,50,3039,55981,0
21,51,3039,55981,0
21,52,3039,55981,0
21,53,3039,55981,0
21,54,3039,55981,0
21,55,3039,55981,0
21,56,3039,55981,0
21,57,3039,55981,0
21,58,3039,55981,0
21,59,3039,55981,0
21,60,3039,6232,0
21,61,3039,3701,0
21,62,3039,3037,0
21,63,3039,3069b,0
21,64,3039,30162,0
21,65,3039,3037,0
21,66,3039,3069b,0
21,67,3039,30162,0
22,23,3003,4070,0
22,24,3003,4070,0
22,25,3003,3794b,1
22,26,3003,43723,0
22,27,3003,43722,0
22,28,3003,3710,0
22,29,3003,32000,0
22,30,3003,32000,0
22,31,3003,4274,0
22,32,3003,4274,0
22,33,3003,4274,0
22,34,3003,4274,0
22,35,3003,32001,0
22,36,3003,43711,0
22,37,3003,43710,0
22,38,3003,20006,0
22,39,3003,20006,0
22,40,3003,3062b,0
22,41,3003,3062b,0
22,42,3003,4697a,0
22,43,3003,4697a,0
22,44,3003,4032a,0
22,45,3003,4599a,0
22,46,3003,4592,0
22,47,3003,4593,0
22,48,3003,3957a,0
22,49,3003,3062b,0
22,50,3003,55981,0
22,51,3003,55981,0
22,52,3003,55981,0
22,53,3003,55981,0
22,54,3003,55981,0
22,55,3003,55981,0
22,56,3003,55981,0
22,57,3003,55981,0
22,58,3003,55981,0
22,59,3003,55981,0
22,60,3003,6232,0
22,61,3003,3701,0
22,62,3003,3037,0
22,63,3003,3069b,0
22,64,3003,30162,0
22,65,3003,3037,0
22,66,3003,3069b,0
22,67,3003,30162,0
23,24,4070,4070,0
23,25,4070,3794b,0
23,26,4070,43723,0
23,27,4070,43722,0
23,28,4070,3710,0
23,29,4070,32000,0
23,30,4070,32000,0
23,31,4070,4274,0
23,32,4070,4274,0
23,33,4070,4274,0
23,34,4070,4274,0
23,35,4070,32001,1
23,36,4070,43711,0
23,37,4070,43710,0
23,38,4070,20006,0
23,39,4070,20006,0
23,40,4070,3062b,0
23,41,4070,3062b,1
23,42,4070,4697a,0
23,43,4070,4697a,0
23,44,4070,4032a,0
23,45,4070,4599a,0
23,46,4070,4592,0
23,47,4070,4593,0
23,48,4070,3957a,0
23,49,4070,3062b,0
23,50,4070,55981,0
23,51,4070,55981,0
23,52,4070,55981,0
23,53,4070,55981,0
23,54,4070,55981,0
23,55,4070,55981,0
23,56,4070,55981,0
23,57,4070,55981,0
23,58,4070,55981,0
23,59,4070,55981,0
23,60,4070,6232,0
23,61,4070,3701,0
23,62,4070,3037,0
23,63,4070,3069b,0
23,64,4070,30162,0
23,65,4070,3037,0
23,66,4070,3069b,0
23,67,4070,30162,0
24,25,4070,3794b,0
24,26,4070,43723,0
24,27,4070,43722,0
24,28,4070,3710,0
24,29,4070,32000,0
24,30,4070,32000,0
24,31,4070,4274,0
24,32,4070,4274,0
24,33,4070,4274,0
24,34,4070,4274,0
24,35,4070,32001,1
24,36,4070,43711,0
24,37,4070,43710,0
24,38,4070,20006,0
24,39,4070,20006,0
24,40,4070,3062b,1
24,41,4070,3062b,0
24,42,4070,4697a,0
24,43,4070,4697a,0
24,44,4070,4032a,0
24,45,4070,4599a,0
24,46,4070,4592,0
24,47,4070,4593,0
24,48,4070,3957a,0
24,49,4070,3062b,0
24,50,4070,55981,0
24,51,4070,55981,0
24,52,4070,55981,0
24,53,4070,55981,0
24,54,4070,55981,0
24,55,4070,55981,0
24,56,4070,55981,0
24,57,4070,55981,0
24,58,4070,55981,0
24,59,4070,55981,0
24,60,4070,6232,0
24,61,4070,3701,0
24,62,4070,3037,0
24,63,4070,3069b,0
24,64,4070,30162,0
24,65,4070,3037,0
24,66,4070,3069b,0
24,67,4070,30162,0
25,26,3794b,43723,0
25,27,3794b,43722,0
25,28,3794b,3710,0
25,29,3794b,32000,0
25,30,3794b,32000,0
25,31,3794b,4274,0
25,32,3794b,4274,0
25,33,3794b,4274,0
25,34,3794b,4274,0
25,35,3794b,32001,0
25,36,3794b,43711,0
25,37,3794b,43710,0
25,38,3794b,20006,0
25,39,3794b,20006,0
25,40,3794b,3062b,0
25,41,3794b,3062b,0
25,42,3794b,4697a,0
25,43,3794b,4697a,0
25,44,3794b,4032a,0
25,45,3794b,4599a,0
25,46,3794b,4592,1
25,47,3794b,4593,0
25,48,3794b,3957a,0
25,49,3794b,3062b,0
25,50,3794b,55981,0
25,51,3794b,55981,0
25,52,3794b,55981,0
25,53,3794b,55981,0
25,54,3794b,55981,0
25,55,3794b,55981,0
25,56,3794b,55981,0
25,57,3794b,55981,0
25,58,3794b,55981,0
25,59,3794b,55981,0
25,60,3794b,6232,0
25,61,3794b,3701,0
25,62,3794b,3037,0
25,63,3794b,3069b,0
25,64,3794b,30162,0
25,65,3794b,3037,0
25,66,3794b,3069b,0
25,67,3794b,30162,0
26,27,43723,43722,1
26,28,43723,3710,0
26,29,43723,32000,0
26,30,43723,32000,0
26,31,43723,4274,0
26,32,43723,4274,0
26,33,43723,4274,0
26,34,43723,4274,0
26,35,43723,32001,0
26,36,43723,43711,0
26,37,43723,43710,0
26,38,43723,20006,0
26,39,43723,20006,0
26,40,43723,3062b,0
26,41,43723,3062b,0
26,42,43723,4697a,0
26,43,43723,4697a,0
26,44,43723,4032a,0
26,45,43723,4599a,0
26,46,43723,4592,0
26,47,43723,4593,0
26,48,43723,3957a,0
26,49,43723,3062b,0
26,50,43723,55981,0
26,51,43723,55981,0
26,52,43723,55981,0
26,53,43723,55981,0
26,54,43723,55981,0
26,55,43723,55981,0
26,56,43723,55981,0
26,57,43723,55981,0
26,58,43723,55981,0
26,59,43723,55981,0
26,60,43723,6232,0
26,61,43723,3701,0
26,62,43723,3037,0
26,63,43723,3069b,0
26,64,43723,30162,0
26,65,43723,3037,0
26,66,43723,3069b,0
26,67,43723,30162,0
27,28,43722,3710,0
27,29,43722,32000,0
27,30,43722,32000,0
27,31,43722,4274,0
27,32,43722,4274,0
27,33,43722,4274,0
27,34,43722,4274,0
27,35,43722,32001,0
27,36,43722,43711,1
27,37,43722,43710,0
27,38,43722,20006,0
27,39,43722,20006,0
27,40,43722,3062b,0
27,41,43722,3062b,0
27,42,43722,4697a,0
27,43,43722,4697a,0
27,44,43722,4032a,0
27,45,43722,4599a,0
27,46,43722,4592,0
27,47,43722,4593,0
27,48,43722,3957a,0
27,49,43722,3062b,0
27,50,43722,55981,0
27,51,43722,55981,0
27,52,43722,55981,0
27,53,43722,55981,0
27,54,43722,55981,0
27,55,43722,55981,0
27,56,43722,55981,0
27,57,43722,55981,0
27,58,43722,55981,0
27,59,43722,55981,0
27,60,43722,6232,0
27,61,43722,3701,0
27,62,43722,3037,0
27,63,43722,3069b,0
27,64,43722,30162,0
27,65,43722,3037,0
27,66,43722,3069b,0
27,67,43722,30162,0
28,29,3710,32000,0
28,30,3710,32000,0
28,31,3710,4274,0
28,32,3710,4274,0
28,33,3710,4274,0
28,34,3710,4274,0
28,35,3710,32001,0
28,36,3710,43711,0
28,37,3710,43710,0
28,38,3710,20006,0
28,39,3710,20006,0
28,40,3710,3062b,0
28,41,3710,3062b,0
28,42,3710,4697a,0
28,43,3710,4697a,0
28,44,3710,4032a,0
28,45,3710,4599a,0
28,46,3710,4592,0
28,47,3710,4593,0
28,48,3710,3957a,0
28,49,3710,3062b,0
28,50,3710,55981,0
28,51,3710,55981,0
28,52,3710,55981,0
28,53,3710,55981,0
28,54,3710,55981,0
28,55,3710,55981,0
28,56,3710,55981,0
28,57,3710,55981,0
28,58,3710,55981,0
28,59,3710,55981,0
28,60,3710,6232,0
28,61,3710,3701,0
28,62,3710,3037,0
28,63,3710,3069b,0
28,64,3710,30162,0
28,65,3710,3037,0
28,66,3710,3069b,0
28,67,3710,30162,0
29,30,32000,32000,0
29,31,32000,4274,0
29,32,32000,4274,0
29,33,32000,4274,1
29,34,32000,4274,1
29,35,32000,32001,1
29,36,32000,43711,0
29,37,32000,43710,0
29,38,32000,20006,0
29,39,32000,20006,0
29,40,32000,3062b,0
29,41,32000,3062b,0
29,42,32000,4697a,0
29,43,32000,4697a,0
29,44,32000,4032a,0
29,45,32000,4599a,0
29,46,32000,4592,0
29,47,32000,4593,0
29,48,32000,3957a,0
29,49,32000,3062b,0
29,50,32000,55981,0
29,51,32000,55981,0
29,52,32000,55981,0
29,53,32000,55981,0
29,54,32000,55981,0
29,55,32000,55981,0
29,56,32000,55981,0
29,57,32000,55981,0
29,58,32000,55981,0
29,59,32000,55981,0
29,60,32000,6232,0
29,61,32000,3701,0
29,62,32000,3037,0
29,63,32000,3069b,0
29,64,32000,30162,0
29,65,32000,3037,0
29,66,32000,3069b,0
29,67,32000,30162,0
30,31,32000,4274,1
30,32,32000,4274,1
30,33,32000,4274,0
30,34,32000,4274,0
30,35,32000,32001,1
30,36,32000,43711,0
30,37,32000,43710,0
30,38,32000,20006,0
30,39,32000,20006,0
30,40,32000,3062b,0
30,41,32000,3062b,0
30,42,32000,4697a,0
30,43,32000,4697a,0
30,44,32000,4032a,0
30,45,32000,4599a,0
30,46,32000,4592,0
30,47,32000,4593,0
30,48,32000,3957a,0
30,49,32000,3062b,0
30,50,32000,55981,0
30,51,32000,55981,0
30,52,32000,55981,0
30,53,32000,55981,0
30,54,32000,55981,0
30,55,32000,55981,0
30,56,32000,55981,0
30,57,32000,55981,0
30,58,32000,55981,0
30,59,32000,55981,0
30,60,32000,6232,0
30,61,32000,3701,0
30,62,32000,3037,0
30,63,32000,3069b,0
30,64,32000,30162,0
30,65,32000,3037,0
30,66,32000,3069b,0
30,67,32000,30162,0
31,32,4274,4274,0
31,33,4274,4274,0
31,34,4274,4274,0
31,35,4274,32001,0
31,36,4274,43711,0
31,37,4274,43710,0
31,38,4274,20006,0
31,39,4274,20006,0
31,40,4274,3062b,0
31,41,4274,3062b,0
31,42,4274,4697a,0
31,43,4274,4697a,0
31,44,4274,4032a,0
31,45,4274,4599a,0
31,46,4274,4592,0
31,47,4274,4593,0
31,48,4274,3957a,0
31,49,4274,3062b,0
31,50,4274,55981,0
31,51,4274,55981,0
31,52,4274,55981,0
31,53,4274,55981,0
31,54,4274,55981,0
31,55,4274,55981,0
31,56,4274,55981,0
31,57,4274,55981,0
31,58,4274,55981,0
31,59,4274,55981,0
31,60,4274,6232,0
31,61,4274,3701,0
31,62,4274,3037,0
31,63,4274,3069b,0
31,64,4274,30162,0
31,65,4274,3037,0
31,66,4274,3069b,0
31,67,4274,30162,0
32,33,4274,4274,0
32,34,4274,4274,0
32,35,4274,32001,0
32,36,4274,43711,0
32,37,4274,43710,0
32,38,4274,20006,0
32,39,4274,20006,0
32,40,4274,3062b,0
32,41,4274,3062b,0
32,42,4274,4697a,0
32,43,4274,4697a,0
32,44,4274,4032a,0
32,45,4274,4599a,0
32,46,4274,4592,0
32,47,4274,4593,0
32,48,4274,3957a,0
32,49,4274,3062b,0
32,50,4274,55981,0
32,51,4274,55981,0
32,52,4274,55981,0
32,53,4274,55981,0
32,54,4274,55981,0
32,55,4274,55981,0
32,56,4274,55981,0
32,57,4274,55981,0
32,58,4274,55981,0
32,59,4274,55981,0
32,60,4274,6232,0
32,61,4274,3701,0
32,62,4274,3037,0
32,63,4274,3069b,0
32,64,4274,30162,0
32,65,4274,3037,0
32,66,4274,3069b,0
32,67,4274,30162,0
33,34,4274,4274,0
33,35,4274,32001,0
33,36,4274,43711,0
33,37,4274,43710,0
33,38,4274,20006,0
33,39,4274,20006,0
33,40,4274,3062b,0
33,41,4274,3062b,0
33,42,4274,4697a,0
33,43,4274,4697a,0
33,44,4274,4032a,0
33,45,4274,4599a,0
33,46,4274,4592,0
33,47,4274,4593,0
33,48,4274,3957a,0
33,49,4274,3062b,0
33,50,4274,55981,0
33,51,4274,55981,0
33,52,4274,55981,0
33,53,4274,55981,0
33,54,4274,55981,0
33,55,4274,55981,0
33,56,4274,55981,0
33,57,4274,55981,0
33,58,4274,55981,0
33,59,4274,55981,0
33,60,4274,6232,0
33,61,4274,3701,0
33,62,4274,3037,0
33,63,4274,3069b,0
33,64,4274,30162,0
33,65,4274,3037,0
33,66,4274,3069b,0
33,67,4274,30162,0
34,35,4274,32001,0
34,36,4274,43711,0
34,37,4274,43710,0
34,38,4274,20006,0
34,39,4274,20006,0
34,40,4274,3062b,0
34,41,4274,3062b,0
34,42,4274,4697a,0
34,43,4274,4697a,0
34,44,4274,4032a,0
34,45,4274,4599a,0
34,46,4274,4592,0
34,47,4274,4593,0
34,48,4274,3957a,0
34,49,4274,3062b,0
34,50,4274,55981,0
34,51,4274,55981,0
34,52,4274,55981,0
34,53,4274,55981,0
34,54,4274,55981,0
34,55,4274,55981,0
34,56,4274,55981,0
34,57,4274,55981,0
34,58,4274,55981,0
34,59,4274,55981,0
34,60,4274,6232,0
34,61,4274,3701,0
34,62,4274,3037,0
34,63,4274,3069b,0
34,64,4274,30162,0
34,65,4274,3037,0
34,66,4274,3069b,0
34,67,4274,30162,0
35,36,32001,43711,0
35,37,32001,43710,0
35,38,32001,20006,0
35,39,32001,20006,0
35,40,32001,3062b,0
35,41,32001,3062b,0
35,42,32001,4697a,0
35,43,32001,4697a,0
35,44,32001,4032a,1
35,45,32001,4599a,1
35,46,32001,4592,0
35,47,32001,4593,0
35,48,32001,3957a,1
35,49,32001,3062b,0
35,50,32001,55981,0
35,51,32001,55981,0
35,52,32001,55981,0
35,53,32001,55981,0
35,54,32001,55981,0
35,55,32001,55981,0
35,56,32001,55981,0
35,57,32001,55981,0
35,58,32001,55981,0
35,59,32001,55981,0
35,60,32001,6232,0
35,61,32001,3701,0
35,62,32001,3037,0
35,63,32001,3069b,0
35,64,32001,30162,0
35,65,32001,3037,0
35,66,32001,3069b,0
35,67,32001,30162,0
36,37,43711,43710,0
36,38,43711,20006,0
36,39,43711,20006,0
36,40,43711,3062b,0
36,41,43711,3062b,0
36,42,43711,4697a,0
36,43,43711,4697a,0
36,44,43711,4032a,0
36,45,43711,4599a,0
36,46,43711,4592,0
36,47,43711,4593,0
36,48,43711,3957a,0
36,49,43711,3062b,0
36,50,43711,55981,0
36,51,43711,55981,0
36,52,43711,55981,0
36,53,43711,55981,0
36,54,43711,55981,0
36,55,43711,55981,0
36,56,43711,55981,0
36,57,43711,55981,0
36,58,43711,55981,0
36,59,43711,55981,0
36,60,43711,6232,0
36,61,43711,3701,0
36,62,43711,3037,0
36,63,43711,3069b,0
36,64,43711,30162,0
36,65,43711,3037,0
36,66,43711,3069b,0
36,67,43711,30162,0
37,38,43710,20006,0
37,39,43710,20006,0
37,40,43710,3062b,0
37,41,43710,3062b,0
37,42,43710,4697a,0
37,43,43710,4697a,0
37,44,43710,4032a,0
37,45,43710,4599a,0
37,46,43710,4592,0
37,47,43710,4593,0
37,48,43710,3957a,0
37,49,43710,3062b,0
37,50,43710,55981,0
37,51,43710,55981,0
37,52,43710,55981,0
37,53,43710,55981,0
37,54,43710,55981,0
37,55,43710,55981,0
37,56,43710,55981,0
37,57,43710,55981,0
37,58,43710,55981,0
37,59,43710,55981,0
37,60,43710,6232,0
37,61,43710,3701,0
37,62,43710,3037,0
37,63,43710,3069b,0
37,64,43710,30162,0
37,65,43710,3037,0
37,66,43710,3069b,0
37,67,43710,30162,0
38,39,20006,20006,0
38,40,20006,3062b,0
38,41,20006,3062b,0
38,42,20006,4697a,0
38,43,20006,4697a,0
38,44,20006,4032a,0
38,45,20006,4599a,0
38,46,20006,4592,0
38,47,20006,4593,0
38,48,20006,3957a,0
38,49,20006,3062b,0
38,50,20006,55981,0
38,51,20006,55981,0
38,52,20006,55981,0
38,53,20006,55981,0
38,54,20006,55981,0
38,55,20006,55981,0
38,56,20006,55981,0
38,57,20006,55981,0
38,58,20006,55981,0
38,59,20006,55981,0
38,60,20006,6232,0
38,61,20006,3701,0
38,62,20006,3037,0
38,63,20006,3069b,0
38,64,20006,30162,0
38,65,20006,3037,0
38,66,20006,3069b,0
38,67,20006,30162,0
39,40,20006,3062b,0
39,41,20006,3062b,0
39,42,20006,4697a,0
39,43,20006,4697a,0
39,44,20006,4032a,0
39,45,20006,4599a,0
39,46,20006,4592,0
39,47,20006,4593,0
39,48,20006,3957a,0
39,49,20006,3062b,0
39,50,20006,55981,0
39,51,20006,55981,0
39,52,20006,55981,0
39,53,20006,55981,0
39,54,20006,55981,0
39,55,20006,55981,0
39,56,20006,55981,0
39,57,20006,55981,0
39,58,20006,55981,0
39,59,20006,55981,0
39,60,20006,6232,0
39,61,20006,3701,0
39,62,20006,3037,0
39,63,20006,3069b,0
39,64,20006,30162,0
39,65,20006,3037,0
39,66,20006,3069b,0
39,67,20006,30162,0
40,41,,3062b,0
40,42,,4697a,0
40,43,,4697a,1
40,44,,4032a,0
40,45,,4599a,0
40,46,,4592,0
40,47,,4593,0
40,48,,3957a,0
40,49,,3062b,0
40,50,,55981,0
40,51,,55981,0
40,52,,55981,0
40,53,,55981,0
40,54,,55981,0
40,55,,55981,0
40,56,,55981,0
40,57,,55981,0
40,58,,55981,0
40,59,,55981,0
40,60,,6232,0
40,61,,3701,0
40,62,,3037,0
40,63,,3069b,0
40,64,,30162,0
40,65,,3037,0
40,66,,3069b,0
40,67,,30162,0
41,42,,4697a,1
41,43,,4697a,0
41,44,,4032a,0
41,45,,4599a,0
41,46,,4592,0
41,47,,4593,0
41,48,,3957a,0
41,49,,3062b,0
41,50,,55981,0
41,51,,55981,0
41,52,,55981,0
41,53,,55981,0
41,54,,55981,0
41,55,,55981,0
41,56,,55981,0
41,57,,55981,0
41,58,,55981,0
41,59,,55981,0
41,60,,6232,0
41,61,,3701,0
41,62,,3037,0
41,63,,3069b,0
41,64,,30162,0
41,65,,3037,0
41,66,,3069b,0
41,67,,30162,0
42,43,3062b,4697a,0
42,44,3062b,4032a,0
42,45,3062b,4599a,0
42,46,3062b,4592,0
42,47,3062b,4593,0
42,48,3062b,3957a,0
42,49,3062b,3062b,0
42,50,3062b,55981,0
42,51,3062b,55981,0
42,52,3062b,55981,0
42,53,3062b,55981,0
42,54,3062b,55981,0
42,55,3062b,55981,0
42,56,3062b,55981,0
42,57,3062b,55981,0
42,58,3062b,55981,0
42,59,3062b,55981,0
42,60,3062b,6232,0
42,61,3062b,3701,0
42,62,3062b,3037,0
42,63,3062b,3069b,0
42,64,3062b,30162,0
42,65,3062b,3037,0
42,66,3062b,3069b,0
42,67,3062b,30162,0
43,44,3062b,4032a,0
43,45,3062b,4599a,0
43,46,3062b,4592,0
43,47,3062b,4593,0
43,48,3062b,3957a,0
43,49,3062b,3062b,0
43,50,3062b,55981,0
43,51,3062b,55981,0
43,52,3062b,55981,0
43,53,3062b,55981,0
43,54,3062b,55981,0
43,55,3062b,55981,0
43,56,3062b,55981,0
43,57,3062b,55981,0
43,58,3062b,55981,0
43,59,3062b,55981,0
43,60,3062b,6232,0
43,61,3062b,3701,0
43,62,3062b,3037,0
43,63,3062b,3069b,0
43,64,3062b,30162,0
43,65,3062b,3037,0
43,66,3062b,3069b,0
43,67,3062b,30162,0
44,45,4032a,4599a,0
44,46,4032a,4592,0
44,47,4032a,4593,0
44,48,4032a,3957a,1
44,49,4032a,3062b,0
44,50,4032a,55981,0
44,51,4032a,55981,0
44,52,4032a,55981,0
44,53,4032a,55981,0
44,54,4032a,55981,0
44,55,4032a,55981,0
44,56,4032a,55981,0
44,57,4032a,55981,0
44,58,4032a,55981,0
44,59,4032a,55981,0
44,60,4032a,6232,0
44,61,4032a,3701,0
44,62,4032a,3037,0
44,63,4032a,3069b,0
44,64,4032a,30162,0
44,65,4032a,3037,0
44,66,4032a,3069b,0
44,67,4032a,30162,0
45,46,4599a,4592,0
45,47,4599a,4593,0
45,48,4599a,3957a,0
45,49,4599a,3062b,0
45,50,4599a,55981,0
45,51,4599a,55981,0
45,52,4599a,55981,0
45,53,4599a,55981,0
45,54,4599a,55981,0
45,55,4599a,55981,0
45,56,4599a,55981,0
45,57,4599a,55981,0
45,58,4599a,55981,0
45,59,4599a,55981,0
45,60,4599a,6232,0
45,61,4599a,3701,0
45,62,4599a,3037,0
45,63,4599a,3069b,0
45,64,4599a,30162,0
45,65,4599a,3037,0
45,66,4599a,3069b,0
45,67,4599a,30162,0
46,47,4592,4593,1
46,48,4592,3957a,0
46,49,4592,3062b,0
46,50,4592,55981,0
46,51,4592,55981,0
46,52,4592,55981,0
46,53,4592,55981,0
46,54,4592,55981,0
46,55,4592,55981,0
46,56,4592,55981,0
46,57,4592,55981,0
46,58,4592,55981,0
46,59,4592,55981,0
46,60,4592,6232,0
46,61,4592,3701,0
46,62,4592,3037,0
46,63,4592,3069b,0
46,64,4592,30162,0
46,65,4592,3037,0
46,66,4592,3069b,0
46,67,4592,30162,0
47,48,4593,3957a,0
47,49,4593,3062b,0
47,50,4593,55981,0
47,51,4593,55981,0
47,52,4593,55981,0
47,53,4593,55981,0
47,54,4593,55981,0
47,55,4593,55981,0
47,56,4593,55981,0
47,57,4593,55981,0
47,58,4593,55981,0
47,59,4593,55981,0
47,60,4593,6232,0
47,61,4593,3701,0
47,62,4593,3037,0
47,63,4593,3069b,0
47,64,4593,30162,0
47,65,4593,3037,0
47,66,4593,3069b,0
47,67,4593,30162,0
48,49,3957a,3062b,0
48,50,3957a,55981,0
48,51,3957a,55981,0
48,52,3957a,55981,0
48,53,3957a,55981,0
48,54,3957a,55981,0
48,55,3957a,55981,0
48,56,3957a,55981,0
48,57,3957a,55981,0
48,58,3957a,55981,0
48,59,3957a,55981,0
48,60,3957a,6232,0
48,61,3957a,3701,0
48,62,3957a,3037,0
48,63,3957a,3069b,0
48,64,3957a,30162,0
48,65,3957a,3037,0
48,66,3957a,3069b,0
48,67,3957a,30162,0
49,50,3062b,55981,0
49,51,3062b,55981,0
49,52,3062b,55981,0
49,53,3062b,55981,0
49,54,3062b,55981,0
49,55,3062b,55981,0
49,56,3062b,55981,0
49,57,3062b,55981,0
49,58,3062b,55981,0
49,59,3062b,55981,0
49,60,3062b,6232,0
49,61,3062b,3701,0
49,62,3062b,3037,0
49,63,3062b,3069b,0
49,64,3062b,30162,0
49,65,3062b,3037,0
49,66,3062b,3069b,0
49,67,3062b,30162,0
50,51,55981,55981,0
50,52,55981,55981,0
50,53,55981,55981,0
50,54,55981,55981,0
50,55,55981,55981,0
50,56,55981,55981,0
50,57,55981,55981,0
50,58,55981,55981,0
50,59,55981,55981,0
50,60,55981,6232,0
50,61,55981,3701,0
50,62,55981,3037,0
50,63,55981,3069b,0
50,64,55981,30162,0
50,65,55981,3037,0
50,66,55981,3069b,0
50,67,55981,30162,0
51,52,55981,55981,0
51,53,55981,55981,0
51,54,55981,55981,0
51,55,55981,55981,0
51,56,55981,55981,0
51,57,55981,55981,0
51,58,55981,55981,0
51,59,55981,55981,0
51,60,55981,6232,0
51,61,55981,3701,0
51,62,55981,3037,0
51,63,55981,3069b,0
51,64,55981,30162,0
51,65,55981,3037,0
51,66,55981,3069b,0
51,67,55981,30162,0
52,53,55981,55981,0
52,54,55981,55981,0
52,55,55981,55981,0
52,56,55981,55981,0
52,57,55981,55981,0
52,58,55981,55981,0
52,59,55981,55981,0
52,60,55981,6232,0
52,61,55981,3701,0
52,62,55981,3037,0
52,63,55981,3069b,0
52,64,55981,30162,0
52,65,55981,3037,0
52,66,55981,3069b,0
52,67,55981,30162,0
53,54,55981,55981,0
53,55,55981,55981,0
53,56,55981,55981,0
53,57,55981,55981,0
53,58,55981,55981,0
53,59,55981,55981,0
53,60,55981,6232,0
53,61,55981,3701,0
53,62,55981,3037,0
53,63,55981,3069b,0
53,64,55981,30162,0
53,65,55981,3037,0
53,66,55981,3069b,0
53,67,55981,30162,0
54,55,55981,55981,0
54,56,55981,55981,0
54,57,55981,55981,0
54,58,55981,55981,0
54,59,55981,55981,0
54,60,55981,6232,0
54,61,55981,3701,0
54,62,55981,3037,0
54,63,55981,3069b,0
54,64,55981,30162,0
54,65,55981,3037,0
54,66,55981,3069b,0
54,67,55981,30162,0
55,56,55981,55981,0
55,57,55981,55981,0
55,58,55981,55981,0
55,59,55981,55981,0
55,60,55981,6232,0
55,61,55981,3701,0
55,62,55981,3037,0
55,63,55981,3069b,0
55,64,55981,30162,0
55,65,55981,3037,0
55,66,55981,3069b,0
55,67,55981,30162,0
56,57,55981,55981,0
56,58,55981,55981,0
56,59,55981,55981,0
56,60,55981,6232,0
56,61,55981,3701,0
56,62,55981,3037,0
56,63,55981,3069b,0
56,64,55981,30162,0
56,65,55981,3037,0
56,66,55981,3069b,0
56,67,55981,30162,0
57,58,55981,55981,0
57,59,55981,55981,0
57,60,55981,6232,0
57,61,55981,3701,0
57,62,55981,3037,0
57,63,55981,3069b,0
57,64,55981,30162,0
57,65,55981,3037,0
57,66,55981,3069b,0
57,67,55981,30162,0
58,59,55981,55981,0
58,60,55981,6232,0
58,61,55981,3701,0
58,62,55981,3037,0
58,63,55981,3069b,0
58,64,55981,30162,0
58,65,55981,3037,0
58,66,55981,3069b,0
58,67,55981,30162,0
59,60,55981,6232,0
59,61,55981,3701,0
59,62,55981,3037,0
59,63,55981,3069b,0
59,64,55981,30162,0
59,65,55981,3037,0
59,66,55981,3069b,0
59,67,55981,30162,0
60,61,6232,3701,1
60,62,6232,3037,0
60,63,6232,3069b,0
60,64,6232,30162,0
60,65,6232,3037,0
60,66,6232,3069b,0
60,67,6232,30162,0
61,62,3701,3037,0
61,63,3701,3069b,0
61,64,3701,30162,0
61,65,3701,3037,0
61,66,3701,3069b,0
61,67,3701,30162,0
62,63,3037,3069b,1
62,64,3037,30162,1
62,65,3037,3037,0
62,66,3037,3069b,0
62,67,3037,30162,0
63,64,3069b,30162,0
63,65,3069b,3037,0
63,66,3069b,3069b,0
63,67,3069b,30162,0
64,65,30162,3037,0
64,66,30162,3069b,0
64,67,30162,30162,0
65,66,3037,3069b,1
65,67,3037,30162,1
66,67,3069b,30162,0
